Category,Latitude,Longitude
Business,27.757488,85.3487873
Business,27.7573806,85.3489035
Business,27.75736,85.348935
Business,27.7572167,85.3490372
Business,27.7571952,85.3491212
Business,27.7571434,85.3492617
Business,27.7571124,85.3494148
Business,27.75712,85.349425
Business,27.7571529,85.349475
Business,27.7572233,85.3495833
Business,27.7573635,85.3496666
Business,27.7575704,85.3495693
Business,27.7576733,85.3493949
Business,27.757711,85.3496019
Business,27.7578527,85.3497937
Business,27.7579089,85.3499461
Business,27.752565,85.341635
Business,27.7524681,85.341379
Business,27.7522811,85.3406983
Business,27.7521569,85.3401547
Business,27.7528672,85.3399153
Business,27.753781,85.3393497
Business,27.757955,85.349855
Business,27.7580333,85.3498583
Business,27.758035,85.349935
Business,27.7581355,85.3500486
Business,27.7583283,85.3502073
Business,27.7580817,85.34917
Business,27.757939,85.3498541
Business,27.7561492,85.3455311
Business,27.7563939,85.3456872
Business,27.7520854,85.3399567
Business,27.7523046,85.3422431
Business,27.752561,85.3419781
Business,27.7525388,85.3420046
Business,27.7523435,85.3421946
Business,27.7524267,85.3436337
Business,27.7523763,85.3445446
Business,27.7526248,85.3447185
Business,27.7523067,85.3426082
Business,27.7525086,85.3436559
Business,27.7524314,85.3445208
Business,27.7524774,85.3415758
Business,27.7525017,85.3414367
Business,27.7522966,85.3404933
Business,27.7527202,85.3401176
Business,27.7530806,85.3399823
Business,27.7538512,85.3394146
Business,27.7541908,85.3388145
Business,27.7547621,85.3388211
Business,27.759164,85.3505969
Business,27.7593717,85.3509448
Business,27.759415,85.3510214
Business,27.7596465,85.3512059
Business,27.759637,85.3512791
Business,27.7599159,85.3512956
Business,27.7600261,85.3513513
Business,27.7600499,85.3513644
Business,27.7605157,85.3500706
Business,27.7605355,85.3500385
Business,27.7605233,85.3500283
Business,27.7604388,85.3495785
Business,27.7587178,85.3491361
Business,27.749233,85.3419759
Business,27.7492409,85.3419873
Business,27.7503224,85.3423247
Business,27.7492029,85.3408871
Business,27.7488905,85.340455
Business,27.7483684,85.3413745
Business,27.7519507,85.3401154
Business,27.752342,85.3407673
Business,27.7521591,85.3444002
Business,27.7501648,85.3411081
Business,27.7542616,85.3479611
Business,27.752998,85.3468902
Business,27.7494606,85.3426236
Business,27.7491445,85.3423981
Business,27.7495007,85.3416871
Business,27.7492262,85.3415896
Business,27.7486347,85.3405327
Business,27.7488356,85.3406726
Business,27.751536,85.3439721
Business,27.7495859,85.3448426
Business,27.7491525,85.3454237
Business,27.7494478,85.345423
Business,27.7505958,85.3450527
Business,27.7505256,85.3453938
Business,27.7507422,85.3455382
Business,27.7508042,85.3455418
Business,27.7509896,85.3456021
Business,27.7510308,85.345616
Business,27.7513357,85.345801
Business,27.7517033,85.3460431
Business,27.7517559,85.3461497
Business,27.7521202,85.3457903
Business,27.7522396,85.345103
Business,27.7526882,85.3447419
Business,27.7525054,85.3450852
Business,27.7525681,85.3446926
Business,27.7500152,85.3461004
Business,27.7506274,85.3454795
Business,27.7507069,85.3456159
Business,27.7508494,85.3455907
Business,27.7512425,85.3459154
Business,27.7520127,85.3461259
Business,27.7525443,85.3446119
Business,27.7563471,85.3462967
Business,27.7581126,85.3476357
Business,27.7580838,85.3479664
Business,27.7577949,85.3481978
Business,27.7578218,85.3481756
Business,27.7578455,85.3481531
Business,27.7579935,85.3482074
Business,27.7578777,85.3480006
Business,27.7580342,85.3478907
Business,27.7582689,85.3475851
Business,27.7583272,85.347464
Business,27.7586171,85.3476671
Business,27.7576911,85.3486415
Business,27.7576699,85.3484438
Business,27.7577447,85.3485622
Business,27.7563283,85.3482133
Business,27.757733,85.3480579
Business,27.7554544,85.3453238
Business,27.7555879,85.3453679
Business,27.75813,85.3479964
Business,27.7580847,85.3478613
Business,27.7579123,85.3479956
Business,27.7574401,85.3488041
Business,27.756425,85.3485309
Business,27.7576892,85.3484835
Business,27.7569286,85.3494846
Business,27.7573524,85.3489726
Business,27.7575371,85.3489214
Business,27.7572762,85.3489093
Business,27.7572185,85.3489621
Business,27.7564084,85.348693
Business,27.7564117,85.34871
Business,27.7572525,85.3490363
Business,27.7567362,85.3492263
Business,27.75645,85.34919
Business,27.7566049,85.3490047
Business,27.7567095,85.3491487
Business,27.7539917,85.3478078
Business,27.7534683,85.3468992
Business,27.755861,85.3481247
Business,27.7524855,85.3410627
Business,27.7541188,85.338581
Business,27.7545815,85.3386683
Business,27.7552993,85.3456006
Business,27.7563609,85.3461083
Business,27.7525794,85.3412037
Business,27.7508374,85.3433995
Business,27.7599107,85.3506842
Business,27.7489064,85.3426654
Business,27.7499789,85.3421058
Business,27.7489998,85.3408934
Business,27.7492702,85.3415844
Business,27.7493212,85.3414412
Business,27.7488804,85.3407475
Business,27.7484407,85.3404903
Business,27.7530624,85.3461868
Business,27.7524154,85.3410975
Business,27.7545917,85.347763
Business,27.7531005,85.3467373
Business,27.7520748,85.3463908
Business,27.7553573,85.3483273
Business,27.7559283,85.3487957
Business,27.7493969,85.3430036
Business,27.7495071,85.3429565
Business,27.7494066,85.3426008
Business,27.7492333,85.3418707
Business,27.7494863,85.341477
Business,27.7491703,85.3410651
Business,27.74917,85.34106
Business,27.7491705,85.3410792
Business,27.749389,85.3408007
Business,27.7483675,85.3411939
Business,27.7489433,85.340645
Business,27.7545457,85.3437263
Business,27.7492998,85.3445596
Business,27.7493332,85.3444968
Business,27.7503537,85.3454784
Business,27.7517558,85.3459577
Business,27.7527196,85.3451234
Business,27.7579918,85.3480283
Business,27.7579914,85.3490008
Business,27.7576857,85.3484561
Government Health Facility,27.7543333,85.3443281
Private Hospital/NGO Hospital,27.757711,85.3496019
Private Hospital/NGO Hospital,27.7536561,85.3413711
Private Hospital/NGO Hospital,27.7502337,85.3454278
Pharmacy/Private Clinic/NGO Clinic,27.7589469,85.3506417
Pharmacy/Private Clinic/NGO Clinic,27.7575438,85.3488135
Pharmacy/Private Clinic/NGO Clinic,27.7578527,85.3497937
Pharmacy/Private Clinic/NGO Clinic,27.749086,85.3407662
Pharmacy/Private Clinic/NGO Clinic,27.7505256,85.3453938
Pharmacy/Private Clinic/NGO Clinic,27.7510308,85.345616
Pharmacy/Private Clinic/NGO Clinic,27.7513357,85.345801
Pharmacy/Private Clinic/NGO Clinic,27.7569286,85.3494846
Pharmacy/Private Clinic/NGO Clinic,27.7567362,85.3492263
Government office,27.7552043,85.3471846
Government office,27.7563633,85.3456816
NGO/INGOs/Private Office,27.755779,85.3481594
NGO/INGOs/Private Office,27.7592901,85.3509567
NGO/INGOs/Private Office,27.7523563,85.3454151
NGO/INGOs/Private Office,27.7541061,85.346443
NGO/INGOs/Private Office,27.7513357,85.345801
Bank,27.757711,85.3496019
Bank,27.7578527,85.3497937
Bank,27.7591676,85.3507699
Bank,27.7513357,85.345801
Green Space,27.7556473,85.3479247
Green Space,27.7533763,85.3392406
Green Space,27.7544721,85.3464623
Green Space,27.7563944,85.3458101
Green Space,27.7558736,85.3462247
Green Space,27.7560197,85.34664
Green Space,27.7521396,85.3401835
Green Space,27.7518896,85.3414451
Green Space,27.7522645,85.342182
Green Space,27.7512917,85.3424014
Green Space,27.750346,85.3413246
Green Space,27.7552087,85.3432705
Green Space,27.7537734,85.3400176
Green Space,27.7528462,85.339923
Green Space,27.7489934,85.3422318
Green Space,27.7538173,85.3460428
Green Space,27.7543601,85.3465657
Green Space,27.7506455,85.3417011
Green Space,27.7505644,85.3441143
Green Space,27.7585344,85.3488076
Green Space,27.7586156,85.3487868
Green Space,27.7594916,85.3483221
Green Space,27.7594463,85.3493176
Green Space,27.7577243,85.3478777
Green Space,27.75768,85.3477683
Green Space,27.756468,85.3482569
Green Space,27.7566533,85.34807
Green Space,27.7567007,85.3471721
Green Space,27.7561983,85.3467862
Green Space,27.7558814,85.343687
Green Space,27.7559607,85.3431722
Green Space,27.7554269,85.3435211
Green Space,27.7562067,85.3428209
Green Space,27.7561625,85.3448161
Green Space,27.7571515,85.3472182
Police Station,27.7534889,85.3401061
Industry/Factory,27.7561235,85.3463874
Industry/Factory,27.7549006,85.3468659
Industry/Factory,27.7549326,85.3476213
Industry/Factory,27.7523865,85.3423596
Industry/Factory,27.7572627,85.3487821
Dumping Sites,27.7539037,85.3393563
Dumping Sites,27.7547133,85.338765
"Blue spaces (rivers, lakes, pond)",27.7484688,85.3422051
"Blue spaces (rivers, lakes, pond)",27.7482483,85.3415993
"Blue spaces (rivers, lakes, pond)",27.748455,85.3407829
"Blue spaces (rivers, lakes, pond)",27.7501254,85.3444528
"Blue spaces (rivers, lakes, pond)",27.7526641,85.3452091
"Public Water Sources (Tap water, Well, Dhunge dhara, tube wellPub)",27.7547019,85.3434516
"Public Water Sources (Tap water, Well, Dhunge dhara, tube wellPub)",27.7563102,85.3439457
"Public Water Sources (Tap water, Well, Dhunge dhara, tube wellPub)",27.7566777,85.3464308
Farm for crops,27.7527009,85.3417935
Farm for crops,27.7528194,85.3406886
Farm for crops,27.752999,85.3415115
Farm for crops,27.7529013,85.3400069
Farm for crops,27.7549469,85.3390135
Farm for crops,27.7553817,85.3392422
Farm for crops,27.7583278,85.3494284
Farm for crops,27.7520551,85.3407782
Farm for crops,27.7522845,85.3410588
Farm for crops,27.7523398,85.3425694
Farm for crops,27.7508367,85.3423067
Farm for crops,27.7507618,85.3414596
Farm for crops,27.7509257,85.3412646
Farm for crops,27.749683,85.3413299
Farm for crops,27.749995,85.3421237
Farm for crops,27.7531499,85.3416624
Farm for crops,27.7530279,85.3421374
Farm for crops,27.7524101,85.3435771
Farm for crops,27.7528366,85.3447693
Farm for crops,27.7528465,85.3435712
Farm for crops,27.7535989,85.3436422
Farm for crops,27.7532044,85.3419177
Farm for crops,27.7526519,85.341628
Farm for crops,27.7497683,85.3431594
Farm for crops,27.7523605,85.3445
Farm for crops,27.7527788,85.3441237
Farm for crops,27.7532493,85.3425662
Farm for crops,27.7550314,85.3420773
Farm for crops,27.755448,85.3447503
Farm for crops,27.7555677,85.3450022
Farm for crops,27.7553411,85.3453789
Farm for crops,27.7549676,85.3443845
Farm for crops,27.7544354,85.344022
Farm for crops,27.7548186,85.3442445
Farm for crops,27.7548228,85.3442164
Farm for crops,27.7545984,85.3438292
Farm for crops,27.7546017,85.3437741
Farm for crops,27.754447,85.3422604
Farm for crops,27.754479,85.3418716
Farm for crops,27.7538877,85.3422854
Farm for crops,27.7537854,85.3422892
Farm for crops,27.7539622,85.3435488
Farm for crops,27.75395,85.3436817
Farm for crops,27.7537293,85.3439817
Farm for crops,27.7538417,85.3440417
Farm for crops,27.752797,85.3419055
Farm for crops,27.753031,85.3411278
Farm for crops,27.7531136,85.3400071
Farm for crops,27.7528598,85.3396793
Farm for crops,27.7550183,85.3392642
Farm for crops,27.7552167,85.3395809
Farm for crops,27.7553032,85.3398644
Farm for crops,27.7602458,85.3496718
Farm for crops,27.7600635,85.3496777
Farm for crops,27.7600518,85.3496552
Farm for crops,27.7593928,85.3504004
Farm for crops,27.7598902,85.3500762
Farm for crops,27.7596582,85.3496842
Farm for crops,27.7533148,85.3463472
Farm for crops,27.7536807,85.3464649
Farm for crops,27.7542589,85.3453684
Farm for crops,27.7542185,85.3457215
Farm for crops,27.7549137,85.3450419
Farm for crops,27.7536687,85.3445927
Farm for crops,27.753437,85.3445931
Farm for crops,27.75193,85.3406986
Farm for crops,27.7520514,85.3410777
Farm for crops,27.7517795,85.3426743
Farm for crops,27.7519034,85.3433004
Farm for crops,27.7517245,85.3430315
Farm for crops,27.7517261,85.3441271
Farm for crops,27.7509601,85.3413593
Farm for crops,27.7509869,85.3413214
Farm for crops,27.7502885,85.3413582
Farm for crops,27.749643,85.3411559
Farm for crops,27.7506136,85.342599
Farm for crops,27.7528091,85.346064
Farm for crops,27.7492024,85.3420848
Farm for crops,27.7495132,85.3414549
Farm for crops,27.7488294,85.3422839
Farm for crops,27.7554515,85.3447522
Farm for crops,27.7555768,85.3448043
Farm for crops,27.754872,85.3444831
Farm for crops,27.7545657,85.3438734
Farm for crops,27.7543112,85.3431631
Farm for crops,27.7541579,85.342188
Farm for crops,27.7540402,85.3422095
Farm for crops,27.7535844,85.3425886
Farm for crops,27.7538005,85.3437982
Farm for crops,27.75385,85.3438785
Farm for crops,27.7538399,85.3439806
Farm for crops,27.7540423,85.3442063
Farm for crops,27.7515054,85.3435663
Farm for crops,27.7508258,85.3440949
Farm for crops,27.7501109,85.3445301
Farm for crops,27.7570616,85.3460586
Farm for crops,27.7507358,85.3450492
Farm for crops,27.7510181,85.3451436
Farm for crops,27.7510205,85.3449531
Farm for crops,27.752225,85.3456506
Farm for crops,27.7570615,85.3458287
Farm for crops,27.7569875,85.3466578
Farm for crops,27.7573218,85.3475179
Farm for crops,27.7570415,85.3466775
Farm for crops,27.7588198,85.3487797
Farm for crops,27.7587346,85.3477881
Farm for crops,27.7674004,85.349167
Farm for crops,27.756479,85.3448129
Farm for crops,27.7558814,85.343687
Farm for crops,27.7560865,85.343604
Farm for crops,27.7558858,85.3432762
Farm for crops,27.7559607,85.3431722
Farm for crops,27.7558107,85.342725
Farm for crops,27.7559957,85.3426798
Farm for crops,27.7556799,85.3427273
Farm for crops,27.7552966,85.3420608
Farm for crops,27.75525,85.3420706
Farm for crops,27.7554688,85.3445839
Farm for crops,27.7558871,85.34444
Farm for crops,27.7555615,85.3446348
Farm for crops,27.7554544,85.3453238
Farm for crops,27.7559731,85.3455482
Farm for crops,27.7559454,85.3450508
Farm for crops,27.7561685,85.3449669
Farm for crops,27.7557801,85.3451748
Farm for crops,27.7665659,85.3498382
Farm for crops,27.7572986,85.3462786
Farm for crops,27.7568062,85.3469817
Farm for crops,27.7569809,85.3471042
Animal Farm,27.7529,85.3401114
Animal Farm,27.7552186,85.3396247
Animal Farm,27.7545137,85.3427949
Animal Farm,27.752818,85.3409237
Animal Farm,27.7553798,85.3451047
Animal Farm,27.7571513,85.3466894
Animal Farm,27.7559957,85.3426798
Animal Farm,27.7556799,85.3427273
Meat Shops,27.7573806,85.3489035
Meat Shops,27.7522939,85.3405403
Meat Shops,27.752636,85.3447282
Meat Shops,27.7491792,85.3408997
Meat Shops,27.7522311,85.3406385
Meat Shops,27.7526656,85.3425027
Meat Shops,27.752998,85.3468902
Meat Shops,27.7505256,85.3453938
Meat Shops,27.7525681,85.3446926
Meat Shops,27.7581353,85.3475031
Meat Shops,27.7525443,85.3446119
Meat Shops,27.7575477,85.3486465
Meat Shops,27.7579074,85.3480172
Meat Shops,27.7578656,85.3479597
Meat Shops,27.7562429,85.3460332
Meat Shops,27.7564468,85.3486642
Liquor Shops,27.7525236,85.3438518
Liquor Shops,27.752342,85.3407673
Liquor Shops,27.7522102,85.3416682
Liquor Shops,27.7526882,85.3447419
Liquor Shops,27.7575118,85.348763
Liquor Shops,27.7579091,85.3481565
Liquor Shops,27.7562986,85.3464595
Liquor Shops,27.7569286,85.3494846
Apartments/Housing,27.7524322,85.3436834
"Risk Zone (Man hole, open wires, accident prone areas",27.7553979,85.3443723
"Risk Zone (Man hole, open wires, accident prone areas",27.7556473,85.344848
"Risk Zone (Man hole, open wires, accident prone areas",27.7495173,85.3430731
"Risk Zone (Man hole, open wires, accident prone areas",27.7550747,85.342503
"Risk Zone (Man hole, open wires, accident prone areas",27.7551738,85.3425983
"Risk Zone (Man hole, open wires, accident prone areas",27.7550256,85.3421185
"Risk Zone (Man hole, open wires, accident prone areas",27.7574401,85.3488041
Recreation Center,27.7495839,85.3438752
Recreation Center,27.7513357,85.345801
Recreation Center,27.7519672,85.3451136
Construction Sites,27.7525281,85.346411
Construction Sites,27.7518896,85.3414451
Construction Sites,27.7523949,85.3443292
Construction Sites,27.7512917,85.3424014
Construction Sites,27.7493157,85.343073
Construction Sites,27.7542966,85.3403323
Construction Sites,27.7605564,85.3500861
Construction Sites,27.7493106,85.3415809
Construction Sites,27.7503833,85.3428373
Construction Sites,27.7553746,85.3456241
Construction Sites,27.7507943,85.3421103
Construction Sites,27.7525243,85.3465099
Construction Sites,27.7507496,85.3431834
Construction Sites,27.749336,85.3423983
Construction Sites,27.758878,85.3478338
Construction Sites,27.755998,85.3425959
Construction Sites,27.7571433,85.3478417
Construction Sites,27.7575684,85.3486632
Construction Sites,27.7570783,85.3478217
Construction Sites,27.7551837,85.3394034
Public Transporation Stand,27.749175,85.3432004
"Mart (eg. BigMart, KKMart, Salesberry)",27.7527553,85.3467334
"Mart (eg. BigMart, KKMart, Salesberry)",27.7564486,85.3456474
"Mart (eg. BigMart, KKMart, Salesberry)",27.7560456,85.3469231
"Mart (eg. BigMart, KKMart, Salesberry)",27.7544488,85.3472617
"Mart (eg. BigMart, KKMart, Salesberry)",27.749161,85.3412665
"Mart (eg. BigMart, KKMart, Salesberry)",27.7513357,85.345801
"Mart (eg. BigMart, KKMart, Salesberry)",27.7578064,85.3482226
"Mart (eg. BigMart, KKMart, Salesberry)",27.7570883,85.349305
Open Space,27.7574972,85.3494336
Open Space,27.7563872,85.3484955
Open Space,27.7531342,85.3415385
Open Space,27.7539348,85.3406727
Open Space,27.752709,85.34015
Open Space,27.753277,85.3400909
Open Space,27.7537248,85.3402205
Open Space,27.7530936,85.3395898
Open Space,27.7541989,85.3391998
Open Space,27.7541146,85.3388764
Open Space,27.7551911,85.3455374
Open Space,27.752757,85.343715
Open Space,27.7531696,85.3425834
Open Space,27.7500782,85.3438176
Open Space,27.7492901,85.3430778
Open Space,27.7526212,85.3438282
Open Space,27.7553182,85.344537
Open Space,27.7551737,85.344693
Open Space,27.754239,85.3420173
Open Space,27.7541696,85.3420464
Open Space,27.7540534,85.3427675
Open Space,27.753625,85.3430236
Open Space,27.7534733,85.341525
Open Space,27.7536791,85.3407885
Open Space,27.7534649,85.3406045
Open Space,27.752304,85.3400448
Open Space,27.7535301,85.3400274
Open Space,27.7531719,85.3397128
Open Space,27.7540796,85.3391381
Open Space,27.7541566,85.3387562
Open Space,27.7492517,85.3415833
Open Space,27.7535923,85.3463408
Open Space,27.7545882,85.3451389
Open Space,27.7531501,85.3467152
Open Space,27.7534996,85.3472803
Open Space,27.7551168,85.3479791
Open Space,27.7507931,85.34327
Open Space,27.7500987,85.343334
Open Space,27.750084,85.3434569
Open Space,27.7490621,85.3435942
Open Space,27.7494398,85.3428772
Open Space,27.7494818,85.3430558
Open Space,27.7502923,85.3423439
Open Space,27.7503065,85.3426092
Open Space,27.7553167,85.3447767
Open Space,27.7551768,85.3451487
Open Space,27.7544663,85.3444101
Open Space,27.7544861,85.3441647
Open Space,27.7553326,85.344533
Open Space,27.7495049,85.3448641
Open Space,27.7493283,85.3444917
Open Space,27.7507972,85.3449973
Open Space,27.7519817,85.3451204
Open Space,27.751512,85.3450545
Open Space,27.7564966,85.3457902
Open Space,27.7585904,85.3480341
Open Space,27.7562628,85.3442742
Open Space,27.7548993,85.3413771
Open Space,27.7554772,85.3454206
Open Space,27.7572724,85.3462475
Open Space,27.7569568,85.3467311
Residential Institution,27.753474,85.3465271
Educational Institute,27.7580438,85.3491802
Educational Institute,27.7556975,85.3471978
Educational Institute,27.7524587,85.3418652
Educational Institute,27.7549119,85.3454894
Educational Institute,27.7533702,85.3469518
Educational Institute,27.749422,85.3435011
Educational Institute,27.7580872,85.3476471
Educational Institute,27.7576921,85.348385
Religious Place,27.7530159,85.3410035
Religious Place,27.7528921,85.3396637
Religious Place,27.7586839,85.3502559
Religious Place,27.7558852,85.3463143
Religious Place,27.7509368,85.3435174
Religious Place,27.7530947,85.3391321
Religious Place,27.7553018,85.3398833
Religious Place,27.7602067,85.3511605
Religious Place,27.7545139,85.3441274
Religious Place,27.7499461,85.344441
Religious Place,27.7566693,85.3459376
Religious Place,27.7564867,85.3462196
Religious Place,27.7566515,85.3458936
Religious Place,27.7566172,85.3463111
Residential,27.755374,85.3452721
Residential,27.7554373,85.3451765
Residential,27.7554466,85.3451144
Residential,27.7572596,85.3491243
Residential,27.7554789,85.3452443
Residential,27.7602393,85.3491682
Residential,27.7564877,85.3458467
Residential,27.7568355,85.3459989
Residential,27.7521996,85.3458641
Residential,27.7521524,85.3407276
Residential,27.7530049,85.3462108
Residential,27.7533243,85.3466419
Residential,27.756808,85.3461653
Residential,27.6890284,85.3747157
Residential,27.7572647,85.3492094
Residential,27.756254,85.3457735
Residential,27.7563292,85.3459372
Residential,27.7564245,85.3459668
Residential,27.7565332,85.3459895
Residential,27.7564232,85.3460024
Residential,27.7598937,85.3506568
Residential,27.7598989,85.3505171
Residential,27.7556263,85.3445784
Residential,27.754581,85.3441608
Residential,27.7572577,85.3491864
Residential,27.7554029,85.3453154
Residential,27.755156,85.344863
Residential,27.7544536,85.3444903
Residential,27.7524616,85.341592
Residential,27.7526219,85.3458769
Residential,27.7524423,85.3421445
Residential,27.7521493,85.340293
Residential,27.7540987,85.3471188
Residential,27.7567664,85.3462403
Residential,27.7540572,85.3470145
Residential,27.7540751,85.3469382
Residential,27.7540315,85.3469801
Residential,27.7541173,85.3470694
Residential,27.7543497,85.3472179
Residential,27.7599709,85.3509205
Residential,27.759937,85.3507679
Residential,27.7598293,85.3508764
Residential,27.7598719,85.3507924
Residential,27.754063,85.3470648
Residential,27.7566877,85.3455934
Residential,27.7562439,85.3458302
Residential,27.7562976,85.3458301
Residential,27.7564492,85.3460193
Residential,27.7542399,85.3473806
Residential,27.7597517,85.3504761
Residential,27.7597533,85.3506313
Residential,27.7570304,85.3488798
Residential,27.757096,85.3489951
Residential,27.7571651,85.3491544
Residential,27.7542786,85.3474536
Residential,27.7543257,85.3473595
Residential,27.7521895,85.3458734
Residential,27.7571395,85.3492013
Residential,27.757306,85.3492423
Residential,27.7571496,85.3492226
Residential,27.7572822,85.3489543
Residential,27.7502362,85.3449269
Residential,27.7504563,85.3445949
Residential,27.7507165,85.3452095
Residential,27.7505656,85.3446606
Residential,27.7502967,85.344721
Residential,27.7505065,85.3448473
Residential,27.7565459,85.3484775
Residential,27.7564,85.3482767
Residential,27.7566609,85.3479095
Residential,27.7566003,85.3466292
Residential,27.7564614,85.3458718
Residential,27.7558886,85.345695
Residential,27.75625,85.3457035
Residential,27.7562515,85.3459251
Residential,27.7563024,85.3457973
Residential,27.7498659,85.3433108
Residential,27.7497341,85.3430907
Residential,27.7498103,85.343308
Residential,27.7567727,85.3463501
Residential,27.7567796,85.3465045
Residential,27.7522303,85.3406185
Residential,27.7523657,85.3422233
Residential,27.7519255,85.3422634
Residential,27.751896,85.3413612
Residential,27.7542261,85.3473071
Residential,27.7543053,85.3475059
Residential,27.7530186,85.3462442
Residential,27.7568434,85.3462662
Residential,27.754844,85.3473035
Residential,27.7565767,85.3485824
Residential,27.7565,85.3466344
Residential,27.7566344,85.3484148
Residential,27.7566961,85.3485791
Residential,27.7565957,85.3484553
Residential,27.757164,85.3491382
Residential,27.7526642,85.3419298
Residential,27.7523284,85.3410834
Residential,27.7526035,85.3401104
Residential,27.752715,85.3406363
Residential,27.7524098,85.3401166
Residential,27.7531843,85.3414311
Residential,27.7527648,85.3414447
Residential,27.753171,85.3413054
Residential,27.7572631,85.3492411
Residential,27.7571637,85.3491021
Residential,27.7590681,85.3496041
Residential,27.7572828,85.348866
Residential,27.757333,85.3491443
Residential,27.7571848,85.3492401
Residential,27.7524508,85.3423644
Residential,27.7547682,85.3474687
Residential,27.7555049,85.3450609
Residential,27.7549928,85.3446542
Residential,27.7544905,85.3444718
Residential,27.7547816,85.3441345
Residential,27.7558738,85.3445704
Residential,27.7554405,85.3450733
Residential,27.7545083,85.3442283
Residential,27.7548472,85.3443491
Residential,27.7551571,85.3456295
Residential,27.7553642,85.3456859
Residential,27.75578,85.3456792
Residential,27.7542818,85.3472362
Residential,27.757299,85.3490369
Residential,27.7552566,85.3476545
Residential,27.7551855,85.3476467
Residential,27.7551119,85.3479903
Residential,27.7554742,85.347756
Residential,27.7523825,85.3406378
Residential,27.7572483,85.3491192
Residential,27.7572736,85.3491531
Residential,27.7577436,85.3486908
Residential,27.7577402,85.3486658
Residential,27.7577551,85.3486668
Residential,27.7577643,85.3487195
Residential,27.758607,85.3487228
Residential,27.7585851,85.3485849
Residential,27.7588452,85.3484326
Residential,27.7578394,85.3488455
Residential,27.7558108,85.3456261
Residential,27.7585623,85.3489563
Residential,27.7579145,85.349078
Residential,27.7577814,85.3490793
Residential,27.7541741,85.3474114
Residential,27.75413,85.3473944
Residential,27.7584335,85.3495611
Residential,27.7584296,85.3495365
Residential,27.7580725,85.3491032
Residential,27.7580019,85.3491205
Residential,27.7549796,85.3483465
Residential,27.7529644,85.3450229
Residential,27.7532903,85.3451462
Residential,27.753117,85.3455261
Residential,27.7528095,85.3453045
Residential,27.753009,85.3455754
Residential,27.7531117,85.3452782
Residential,27.7532653,85.3454539
Residential,27.7536022,85.3451732
Residential,27.7535849,85.3451701
Residential,27.7548336,85.3462026
Residential,27.7554156,85.3459359
Residential,27.7547901,85.3463276
Residential,27.7541872,85.3443629
Residential,27.7541941,85.3441183
Residential,27.7542956,85.3437963
Residential,27.7543708,85.344434
Residential,27.7547435,85.3443204
Residential,27.7548876,85.3450118
Residential,27.7555441,85.3450617
Residential,27.755836,85.3447224
Residential,27.7547244,85.344075
Residential,27.7554922,85.34488
Residential,27.7545562,85.3439611
Residential,27.7542496,85.3441087
Residential,27.7541071,85.3442989
Residential,27.7554175,85.3454007
Residential,27.7554882,85.3458634
Residential,27.7528568,85.3422583
Residential,27.7530513,85.3422685
Residential,27.7527749,85.3419741
Residential,27.7528493,85.3420679
Residential,27.7528297,85.3420633
Residential,27.7550613,85.3480115
Residential,27.7541974,85.3473286
Residential,27.7551735,85.3475719
Residential,27.7551634,85.3475351
Residential,27.7551701,85.3481565
Residential,27.7553902,85.3479076
Residential,27.7503609,85.3449719
Residential,27.7493342,85.3445679
Residential,27.7506318,85.3446419
Residential,27.7505661,85.3453703
Residential,27.7507964,85.3453907
Residential,27.7510328,85.3453633
Residential,27.751575,85.345505
Residential,27.7518557,85.3456724
Residential,27.7515782,85.3454826
Residential,27.7516099,85.3454395
Residential,27.7528958,85.3406164
Residential,27.7527037,85.3401512
Residential,27.7530366,85.3406651
Residential,27.7534372,85.3410359
Residential,27.7534076,85.340945
Residential,27.7539801,85.3405059
Residential,27.7529571,85.3413734
Residential,27.7589911,85.3501401
Residential,27.7549947,85.3479567
Residential,27.7589932,85.350079
Residential,27.758754,85.3501336
Residential,27.7585015,85.3499003
Residential,27.7567756,85.3462399
Residential,27.7566601,85.3464794
Residential,27.7567305,85.3462078
Residential,27.7567704,85.3461523
Residential,27.7564403,85.3462425
Residential,27.7566377,85.3462777
Residential,27.7565218,85.3462841
Residential,27.7568144,85.3460157
Residential,27.7567018,85.3461501
Residential,27.7566875,85.3463231
Residential,27.7594936,85.350386
Residential,27.7552538,85.3480139
Residential,27.7547961,85.3475197
Residential,27.7551842,85.3479443
Residential,27.7584802,85.3490866
Residential,27.7557146,85.3450952
Residential,27.7556976,85.3445042
Residential,27.7560005,85.344723
Residential,27.7561983,85.3444621
Residential,27.7590819,85.3493566
Residential,27.7580272,85.3492054
Residential,27.7580348,85.3491576
Residential,27.7572007,85.3490941
Residential,27.752945,85.3447522
Residential,27.7529307,85.3450034
Residential,27.7534521,85.3451667
Residential,27.753185,85.3453617
Residential,27.7530608,85.3457992
Residential,27.7531129,85.3456964
Residential,27.752877,85.3449548
Residential,27.7535778,85.345207
Residential,27.758164,85.3490845
Residential,27.7579667,85.349019
Residential,27.7581784,85.349093
Residential,27.7586682,85.3488886
Residential,27.7587895,85.3490738
Residential,27.7590448,85.3478719
Residential,27.7587971,85.3485042
Residential,27.7587967,85.3490826
Residential,27.7587724,85.3478075
Residential,27.7589568,85.3482232
Residential,27.7588376,85.3484929
Residential,27.7588922,85.3477373
Residential,27.7588667,85.3484783
Residential,27.7588083,85.347804
Residential,27.75879,85.3477712
Residential,27.7579855,85.3481647
Residential,27.7579949,85.3482353
Residential,27.7579915,85.3482315
Residential,27.7537872,85.3411187
Residential,27.7533457,85.3409855
Residential,27.7532189,85.3404161
Residential,27.75314,85.3407283
Residential,27.7524875,85.3413634
Residential,27.7525375,85.3414972
Residential,27.752614,85.3411403
Residential,27.7551503,85.3480968
Residential,27.755142,85.3479339
Residential,27.7551675,85.3479999
Residential,27.752548,85.3415075
Residential,27.7585625,85.3497066
Residential,27.7582952,85.3496121
Residential,27.7582882,85.3494935
Residential,27.7587655,85.349862
Residential,27.7564694,85.346157
Residential,27.7566445,85.346474
Residential,27.7565132,85.3464696
Residential,27.756639,85.3462751
Residential,27.7564971,85.346164
Residential,27.7524709,85.3400239
Residential,27.7537728,85.3408768
Residential,27.7529084,85.3405665
Residential,27.7527847,85.3406246
Residential,27.7525691,85.3414295
Residential,27.7566035,85.3461788
Residential,27.7566474,85.346223
Residential,27.7566448,85.3461299
Residential,27.7567851,85.346442
Residential,27.7565211,85.346514
Residential,27.7567707,85.3465028
Residential,27.7567586,85.3464819
Residential,27.7567511,85.346464
Residential,27.7567592,85.3462366
Residential,27.7566462,85.346159
Residential,27.7537437,85.3442956
Residential,27.7538629,85.3440146
Residential,27.7542262,85.3441777
Residential,27.7537063,85.3440602
Residential,27.7542236,85.343669
Residential,27.7565848,85.3485365
Residential,27.7566238,85.3484105
Residential,27.7565342,85.3486283
Residential,27.7565855,85.3483651
Residential,27.7564142,85.3485483
Residential,27.7565216,85.3486402
Residential,27.7561973,85.3492326
Residential,27.7563974,85.3486551
Residential,27.7550979,85.3455928
Residential,27.7552145,85.3455493
Residential,27.755139,85.3455628
Residential,27.7547941,85.3478021
Residential,27.7497905,85.3429772
Residential,27.7497916,85.3434159
Residential,27.7499144,85.3432382
Residential,27.7530783,85.3447831
Residential,27.7538184,85.3448366
Residential,27.7538462,85.3450137
Residential,27.7538672,85.3452224
Residential,27.7598106,85.3506597
Residential,27.7589061,85.3501396
Residential,27.7587004,85.3503556
Residential,27.7588385,85.3501928
Residential,27.7589267,85.3497364
Residential,27.7587672,85.3498337
Residential,27.7583932,85.3490837
Residential,27.7594139,85.3504619
Residential,27.7602757,85.3505293
Residential,27.7584885,85.3495883
Residential,27.7534102,85.3422449
Residential,27.7534931,85.3422505
Residential,27.7537902,85.3434013
Residential,27.7535882,85.3448828
Residential,27.7533813,85.3448579
Residential,27.753834,85.3449843
Residential,27.7533507,85.345052
Residential,27.6430007,85.3233304
Residential,27.7495781,85.3427455
Residential,27.7535852,85.3437593
Residential,27.7500813,85.3430273
Residential,27.7498319,85.3431646
Residential,27.7498155,85.3428926
Residential,27.7497338,85.3432068
Residential,27.7496247,85.3431793
Residential,27.749742,85.3432609
Residential,27.7498605,85.3434
Residential,27.7491703,85.3427425
Residential,27.7494086,85.3427245
Residential,27.7521694,85.3411943
Residential,27.752295,85.3423683
Residential,27.7525337,85.3413532
Residential,27.7518546,85.3416226
Residential,27.7520036,85.341493
Residential,27.7523589,85.3425281
Residential,27.7521123,85.3415874
Residential,27.752687,85.3418243
Residential,27.7527563,85.3419207
Residential,27.7534138,85.3422359
Residential,27.7537566,85.3431453
Residential,27.7538737,85.3432186
Residential,27.7558212,85.3438761
Residential,27.7558002,85.3443975
Residential,27.7560172,85.3447263
Residential,27.755931,85.3449786
Residential,27.7558945,85.3452288
Residential,27.7558994,85.345532
Residential,27.7559706,85.3438542
Residential,27.7561271,85.3433212
Residential,27.7558519,85.3455185
Residential,27.7558302,85.3439163
Residential,27.7558698,85.3437316
Residential,27.7561496,85.343213
Residential,27.7561246,85.3439353
Residential,27.7560612,85.3451043
Residential,27.7560113,85.343363
Residential,27.7549009,85.3477052
Residential,27.7549129,85.3480159
Residential,27.7516673,85.345538
Residential,27.7505991,85.3445376
Residential,27.7548143,85.3479057
Residential,27.7548355,85.3476209
Residential,27.7550105,85.3479372
Residential,27.7585219,85.3495132
Residential,27.758331,85.3494171
Residential,27.7583608,85.3493766
Residential,27.7584763,85.3494784
Residential,27.7546418,85.3476874
Residential,27.7546525,85.3479991
Residential,27.7545437,85.3478103
Residential,27.7516946,85.3455895
Residential,27.7514831,85.3454968
Residential,27.7512797,85.3454679
Residential,27.7516354,85.3456069
Residential,27.7558016,85.3453043
Residential,27.7554591,85.3417654
Residential,27.7555156,85.3453326
Residential,27.7545688,85.3478813
Residential,27.7549619,85.3480497
Residential,27.7512633,85.345375
Residential,27.7513643,85.3452483
Residential,27.7586544,85.348047
Residential,27.7587636,85.3479817
Residential,27.7587273,85.3480622
Residential,27.7553969,85.3415195
Residential,27.7553653,85.3417168
Residential,27.7561316,85.3433524
Residential,27.7560002,85.3451616
Residential,27.752595,85.3413496
Residential,27.7523389,85.3416647
Residential,27.7525988,85.3414457
Residential,27.7533512,85.3415443
Residential,27.7548387,85.3456832
Residential,27.7533616,85.3430056
Residential,27.7528054,85.3440604
Residential,27.7534619,85.3438612
Residential,27.7538344,85.3431323
Residential,27.7536212,85.3436884
Residential,27.7586296,85.3498437
Residential,27.7580368,85.3491187
Residential,27.7586933,85.3499061
Residential,27.7586889,85.3498651
Residential,27.7584187,85.3494191
Residential,27.7543423,85.3464928
Residential,27.7543405,85.3465164
Residential,27.7548189,85.3457175
Residential,27.7551472,85.3454926
Residential,27.754161,85.3468474
Residential,27.7547966,85.3457357
Residential,27.7541847,85.346862
Residential,27.7548625,85.3457129
Residential,27.7552563,85.3459168
Residential,27.7530641,85.3451819
Residential,27.7534934,85.3444819
Residential,27.7533769,85.3447024
Residential,27.7535422,85.3447008
Residential,27.7533163,85.3447187
Residential,27.753348,85.3445799
Residential,27.7524958,85.3415876
Residential,27.7525516,85.3413865
Residential,27.7528505,85.3418008
Residential,27.7533047,85.3431523
Residential,27.7532278,85.3431881
Residential,27.7531897,85.3440748
Residential,27.7531716,85.3442209
Residential,27.753277,85.3439189
Residential,27.7531903,85.3438122
Residential,27.7529762,85.3441687
Residential,27.752869,85.3439447
Residential,27.7536728,85.3431891
Residential,27.7529102,85.3440096
Residential,27.7530875,85.3431833
Residential,27.7531579,85.3433781
Residential,27.7529816,85.3434078
Residential,27.753039,85.3431256
Residential,27.7528984,85.3431251
Residential,27.752884,85.3429987
Residential,27.7533245,85.3426844
Residential,27.7530507,85.3424227
Residential,27.7533582,85.3426791
Residential,27.7541877,85.3442424
Residential,27.7542656,85.3445815
Residential,27.7539198,85.3437033
Residential,27.7524669,85.3413879
Residential,27.7534654,85.3447302
Residential,27.7533731,85.3446413
Residential,27.753315,85.3445353
Residential,27.7534151,85.3448812
Residential,27.7541938,85.3436467
Residential,27.7541546,85.3443781
Residential,27.7542329,85.3443909
Residential,27.754451,85.344031
Residential,27.7538818,85.344097
Residential,27.753976,85.3441439
Residential,27.7541378,85.3442612
Residential,27.7563484,85.3486997
Residential,27.7563533,85.3487344
Residential,27.7563803,85.3478297
Residential,27.7564098,85.3488416
Residential,27.7564593,85.3487696
Residential,27.75642,85.3486799
Residential,27.7565355,85.3489615
Residential,27.75642,85.3486991
Residential,27.7509582,85.3414878
Residential,27.7520505,85.3419747
Residential,27.7521475,85.3420578
Residential,27.7522523,85.3422274
Residential,27.7510861,85.3412888
Residential,27.7523836,85.341921
Residential,27.7507965,85.341108
Residential,27.7546064,85.3477928
Residential,27.7494193,85.3424563
Residential,27.7548918,85.3474804
Residential,27.7499429,85.3425236
Residential,27.7544618,85.3478365
Residential,27.7494046,85.3432919
Residential,27.7493151,85.3434042
Residential,27.7583162,85.3500082
Residential,27.7582836,85.3500019
Residential,27.7585861,85.3498443
Residential,27.7603619,85.3504963
Residential,27.7603508,85.3505257
Residential,27.7605214,85.3498818
Residential,27.7543843,85.3478109
Residential,27.7557121,85.3437992
Residential,27.7561273,85.3440673
Residential,27.7560343,85.3441399
Residential,27.7558198,85.3449607
Residential,27.7561,85.3442681
Residential,27.7603863,85.3506126
Residential,27.7606216,85.3503809
Residential,27.7604936,85.3499348
Residential,27.7508359,85.3454024
Residential,27.7493012,85.3453379
Residential,27.7505124,85.3452547
Residential,27.7589487,85.3504023
Residential,27.7586874,85.3503362
Residential,27.75864,85.3499756
Residential,27.7585066,85.3501141
Residential,27.7508083,85.3453427
Residential,27.7524332,85.3407403
Residential,27.7523785,85.3407356
Residential,27.7525769,85.3400556
Residential,27.7527023,85.3400683
Residential,27.7526494,85.3400131
Residential,27.7504363,85.3413371
Residential,27.7511132,85.34185
Residential,27.7587057,85.3476116
Residential,27.75877,85.3481526
Residential,27.7582466,85.3476165
Residential,27.7579547,85.3479012
Residential,27.758099,85.3477698
Residential,27.7588302,85.348152
Residential,27.7510999,85.3419109
Residential,27.7504383,85.3413861
Residential,27.7541262,85.3466303
Residential,27.7543582,85.3463966
Residential,27.7541658,85.3464795
Residential,27.7542134,85.3465757
Residential,27.7543714,85.3468999
Residential,27.7543623,85.3470024
Residential,27.751427,85.3424774
Residential,27.7520577,85.3421103
Residential,27.7507006,85.3411206
Residential,27.7525528,85.3417695
Residential,27.7534429,85.3447273
Residential,27.7538167,85.3466344
Residential,27.7545855,85.3447229
Residential,27.7543237,85.3470823
Residential,27.7547188,85.3465884
Residential,27.754853,85.3470725
Residential,27.7544494,85.3468602
Residential,27.7544232,85.346972
Residential,27.7547151,85.3472612
Residential,27.7544856,85.3471022
Residential,27.7545773,85.3470798
Residential,27.7546376,85.34688
Residential,27.7546289,85.347293
Residential,27.7549309,85.3474519
Residential,27.7494558,85.3428852
Residential,27.7499727,85.3429183
Residential,27.7499228,85.3430089
Residential,27.7499541,85.3427348
Residential,27.7499713,85.3429608
Residential,27.7500225,85.3427168
Residential,27.7524044,85.3407202
Residential,27.7522741,85.3406184
Residential,27.7524746,85.3406844
Residential,27.7528503,85.3397468
Residential,27.7526697,85.3400434
Residential,27.7527858,85.3412375
Residential,27.7524908,85.3400455
Residential,27.7499269,85.3422821
Residential,27.7498337,85.3421354
Residential,27.7530048,85.3434868
Residential,27.7531389,85.3427123
Residential,27.7530317,85.3441304
Residential,27.7531148,85.3429676
Residential,27.7529085,85.3426439
Residential,27.7526804,85.3429275
Residential,27.7527025,85.3428568
Residential,27.7526977,85.3437966
Residential,27.7526564,85.3428942
Residential,27.7526524,85.3428696
Residential,27.7534561,85.3446779
Residential,27.7542026,85.3446013
Residential,27.7541455,85.3447035
Residential,27.7543385,85.3443174
Residential,27.7545265,85.3477735
Residential,27.7546601,85.3477016
Residential,27.7543749,85.3476936
Residential,27.754533,85.3475257
Residential,27.758837,85.349799
Residential,27.7583231,85.3493883
Residential,27.7604691,85.3501438
Residential,27.7595549,85.3504044
Residential,27.7595476,85.3503941
Residential,27.7545074,85.3478754
Residential,27.7543329,85.3476963
Residential,27.754392,85.3478502
Residential,27.7545255,85.3478577
Residential,27.7588102,85.3498213
Residential,27.7583016,85.3494473
Residential,27.7547923,85.3474843
Residential,27.7577294,85.3487624
Residential,27.760042,85.3504582
Residential,27.7546056,85.3478947
Residential,27.7544622,85.3477142
Residential,27.7545307,85.3476983
Residential,27.7499119,85.342885
Residential,27.7499742,85.3431286
Residential,27.7501655,85.342351
Residential,27.7499444,85.3423767
Residential,27.7498572,85.3428439
Residential,27.7527621,85.3428516
Residential,27.7550365,85.3419423
Residential,27.7494073,85.3428577
Residential,27.7501856,85.3424159
Residential,27.7503548,85.3430605
Residential,27.7501173,85.3423905
Residential,27.748606,85.3404827
Residential,27.7582616,85.3474709
Residential,27.758521,85.3487562
Residential,27.7602655,85.3488657
Residential,27.7579549,85.3479411
Residential,27.7589243,85.3478487
Residential,27.7580186,85.3475177
Residential,27.7543097,85.347176
Residential,27.7553214,85.3456354
Residential,27.7588359,85.3470162
Residential,27.7564439,85.345683
Residential,27.7543468,85.346952
Residential,27.7543657,85.3471274
Residential,27.7546866,85.3468698
Residential,27.7563162,85.3457831
Residential,27.7551338,85.3471695
Residential,27.7581873,85.3497181
Residential,27.7581838,85.3502391
Residential,27.7583545,85.3499908
Residential,27.7584821,85.3500274
Residential,27.7548219,85.3473781
Residential,27.7554815,85.3458725
Residential,27.7564572,85.3460692
Residential,27.7530441,85.3453665
Residential,27.7529121,85.3456177
Residential,27.7509524,85.3459074
Residential,27.7509434,85.3454403
Residential,27.7520209,85.3460057
Residential,27.7537228,85.3430289
Residential,27.75359,85.3438117
Residential,27.7529124,85.3442008
Residential,27.7533129,85.3433563
Residential,27.7529138,85.3428836
Residential,27.7528702,85.3428919
Residential,27.7532847,85.3426298
Residential,27.7533643,85.3425304
Residential,27.753458,85.3427152
Residential,27.7529495,85.3441937
Residential,27.7546353,85.3428755
Residential,27.7546586,85.3437967
Residential,27.7542853,85.3423125
Residential,27.7542924,85.3423854
Residential,27.7542002,85.3440021
Residential,27.7537797,85.3439646
Residential,27.7543181,85.3421519
Residential,27.754049,85.3425436
Residential,27.7556108,85.3424749
Residential,27.7557269,85.3440033
Residential,27.7562,85.3438129
Residential,27.756283,85.3432094
Residential,27.7485989,85.3405053
Residential,27.7544795,85.3476812
Residential,27.7544314,85.347753
Residential,27.7544272,85.3477803
Residential,27.7550524,85.3478293
Residential,27.754194,85.3473711
Residential,27.7547532,85.3478948
Residential,27.754393,85.3477966
Residential,27.754545,85.3477567
Residential,27.7509448,85.3452569
Residential,27.7510558,85.3457029
Residential,27.7506613,85.3423516
Residential,27.7510309,85.3422198
Residential,27.7506578,85.342281
Residential,27.7507789,85.3421391
Residential,27.7510979,85.3426311
Residential,27.7508425,85.3422013
Residential,27.7507688,85.3422521
Residential,27.7509903,85.3425767
Residential,27.7510619,85.3427967
Residential,27.7544048,85.3475906
Residential,27.7585525,85.3473826
Residential,27.7585514,85.3473925
Residential,27.7582611,85.3484973
Residential,27.7585699,85.3474688
Residential,27.7582535,85.3485025
Residential,27.7603018,85.3489736
Residential,27.7540056,85.3476211
Residential,27.76033,85.3494153
Residential,27.760327,85.3495806
Residential,27.7602748,85.3489619
Residential,27.7602699,85.349532
Residential,27.7602482,85.3489497
Residential,27.7497699,85.3417298
Residential,27.7529622,85.3457401
Residential,27.7530452,85.3452692
Residential,27.7547237,85.3446931
Residential,27.7548727,85.3446126
Residential,27.7578677,85.3494125
Residential,27.7585497,85.3501023
Residential,27.7586355,85.3503032
Residential,27.7604158,85.3488901
Residential,27.7603674,85.3489197
Residential,27.7604217,85.3489192
Residential,27.7603727,85.3488887
Residential,27.7603835,85.3488964
Residential,27.7603797,85.3487292
Residential,27.7603849,85.3487349
Residential,27.7543071,85.3477445
Residential,27.7538596,85.3474136
Residential,27.7542636,85.3475536
Residential,27.7544584,85.3476038
Residential,27.7517432,85.3387576
Residential,27.7524545,85.3452482
Residential,27.7519746,85.3457559
Residential,27.7599712,85.3494622
Residential,27.7566,85.3461616
Residential,27.7565472,85.3458731
Residential,27.7563573,85.3463387
Residential,27.7564106,85.3462667
Residential,27.7565808,85.3463035
Residential,27.7563601,85.3459072
Residential,27.7569634,85.3465916
Residential,27.7572812,85.3461034
Residential,27.7565102,85.346182
Residential,27.7563855,85.346077
Residential,27.7568172,85.3465751
Residential,27.7563514,85.3463233
Residential,27.7573967,85.3469278
Residential,27.7568184,85.3460328
Residential,27.7567563,85.3463976
Residential,27.7567241,85.3463379
Residential,27.7563351,85.3459254
Residential,27.7567949,85.3464317
Residential,27.7573985,85.3474099
Residential,27.7535554,85.3404889
Residential,27.7534076,85.3412829
Residential,27.7537839,85.3405359
Residential,27.753821,85.3409562
Residential,27.753597,85.341277
Residential,27.7538109,85.3406706
Residential,27.753648,85.3411025
Residential,27.7537932,85.3404417
Residential,27.7528931,85.3398188
Residential,27.7535027,85.3406347
Residential,27.7494544,85.3428717
Residential,27.7582036,85.3498216
Residential,27.758197,85.3500399
Residential,27.7562455,85.3462512
Residential,27.7563297,85.3461952
Residential,27.7566222,85.3476999
Residential,27.7567615,85.3459839
Residential,27.756337,85.3458955
Residential,27.7562024,85.3460853
Residential,27.7564417,85.3464
Residential,27.7561915,85.3457623
Residential,27.7571478,85.3461162
Residential,27.7572118,85.3462121
Residential,27.7562024,85.3460853
Residential,27.7564039,85.3461778
Residential,27.7561915,85.3457623
Residential,27.7562391,85.3458031
Residential,27.756287,85.3459776
Residential,27.756533,85.3464238
Residential,27.7564761,85.3470494
Residential,27.7573146,85.3464742
Residential,27.757255,85.3464114
Residential,27.7571605,85.3469375
Residential,27.7573442,85.3467232
Residential,27.7568756,85.3461779
Residential,27.7572181,85.3466402
Residential,27.7574679,85.3470988
Residential,27.7565817,85.3458557
Residential,27.7564477,85.3461965
Residential,27.7562878,85.3460742
Residential,27.7546856,85.3450076
Residential,27.7546143,85.3451514
Residential,27.7548909,85.3449006
Residential,27.754905,85.3448831
Residential,27.7501345,85.3417148
Residential,27.750304,85.3415637
Residential,27.7510716,85.3425868
Residential,27.750536,85.3422972
Residential,27.7507077,85.3411012
Residential,27.7530047,85.343031
Residential,27.7533133,85.34254
Residential,27.753252,85.3423423
Residential,27.753008,85.34256
Residential,27.7528563,85.3431589
Residential,27.7523503,85.3442345
Residential,27.7523805,85.3442177
Residential,27.7547569,85.3469272
Residential,27.7545923,85.3472831
Residential,27.756281,85.346119
Residential,27.7540249,85.343464
Residential,27.754486,85.3438989
Residential,27.7545642,85.3432357
Residential,27.7538208,85.3421744
Residential,27.7544156,85.342141
Residential,27.7542059,85.3441173
Residential,27.7541642,85.3425829
Residential,27.7547068,85.3424614
Residential,27.7538037,85.3432121
Residential,27.7561912,85.3460428
Residential,27.7537296,85.3436333
Residential,27.7546338,85.3473492
Residential,27.7501758,85.3416566
Residential,27.7565077,85.3488449
Residential,27.757039,85.3483219
Residential,27.7567497,85.3468763
Residential,27.757745,85.3482074
Residential,27.7507658,85.3419287
Residential,27.7493975,85.3432514
Residential,27.7494062,85.3417898
Residential,27.7502924,85.3422393
Residential,27.7498558,85.3415163
Residential,27.7497447,85.341625
Residential,27.7499495,85.3412192
Residential,27.7501767,85.3415437
Residential,27.7498793,85.3416021
Residential,27.7502755,85.3414077
Residential,27.7499909,85.3414444
Residential,27.7524134,85.3403675
Residential,27.7528157,85.3397873
Residential,27.7486939,85.3409806
Residential,27.748785,85.3410666
Residential,27.7485368,85.3407225
Residential,27.7484332,85.3405004
Residential,27.7489478,85.3413774
Residential,27.7486025,85.3409447
Residential,27.7485968,85.3411421
Residential,27.7491327,85.3410642
Residential,27.7505998,85.3413877
Residential,27.7551595,85.3447784
Residential,27.7547161,85.3450286
Residential,27.7546136,85.3449797
Residential,27.7549528,85.3447674
Residential,27.754908,85.3450926
Residential,27.7546715,85.3452552
Residential,27.7551027,85.3454763
Residential,27.7551483,85.345422
Residential,27.7525829,85.3401346
Residential,27.752611,85.3404513
Residential,27.7532301,85.3396462
Residential,27.7540599,85.3382482
Residential,27.7562202,85.3461036
Residential,27.7562946,85.3461757
Residential,27.7564319,85.3461263
Residential,27.7561323,85.3461387
Residential,27.7558456,85.3461975
Residential,27.7560429,85.3462389
Residential,27.7560446,85.3460727
Residential,27.7562057,85.3461295
Residential,27.7560482,85.3461516
Residential,27.756964,85.3469092
Residential,27.7575193,85.3478014
Residential,27.7564048,85.3492129
Residential,27.7563049,85.3470714
Residential,27.7562965,85.3461121
Residential,27.7559124,85.3462469
Residential,27.7558742,85.346263
Residential,27.7525605,85.344137
Residential,27.7526516,85.344238
Residential,27.7533861,85.3446281
Residential,27.7532749,85.3445316
Residential,27.7523429,85.344683
Residential,27.7523809,85.3445323
Residential,27.7525647,85.3434398
Residential,27.7568838,85.3492904
Residential,27.7565429,85.348743
Residential,27.7565233,85.348785
Residential,27.7564285,85.3487984
Residential,27.756592,85.3468843
Residential,27.7564136,85.3487476
Residential,27.7577566,85.3483201
Residential,27.7564342,85.3493701
Residential,27.7571194,85.3489925
Residential,27.7566913,85.3470174
Residential,27.7578485,85.3480334
Residential,27.7537595,85.3473287
Residential,27.7541727,85.3475043
Residential,27.7541438,85.3475955
Residential,27.757756,85.348939
Residential,27.757388,85.3486215
Residential,27.7604351,85.3504404
Residential,27.7600605,85.3504514
Residential,27.7600854,85.3506747
Residential,27.7601796,85.3495922
Residential,27.7601647,85.3495447
Residential,27.7600115,85.3494374
Residential,27.7600846,85.349639
Residential,27.7601246,85.3496918
Residential,27.7602578,85.3496522
Residential,27.7598818,85.3494317
Residential,27.7599079,85.3496159
Residential,27.7599489,85.3496068
Residential,27.7600113,85.349679
Residential,27.7607038,85.3499537
Residential,27.757737,85.3493274
Residential,27.7518925,85.3413252
Residential,27.7537049,85.3473536
Residential,27.7604081,85.349245
Residential,27.7534685,85.3468939
Residential,27.7594958,85.3499105
Residential,27.7494006,85.3416399
Residential,27.7493946,85.3423749
Residential,27.7563384,85.3486626
Residential,27.7569367,85.3492461
Residential,27.7601891,85.3495134
Residential,27.760031,85.3493478
Residential,27.7602827,85.3495279
Residential,27.7603137,85.3493968
Residential,27.759989,85.3494129
Residential,27.7599266,85.3493839
Residential,27.7602915,85.3492118
Residential,27.7600613,85.3494343
Residential,27.7600917,85.349413
Residential,27.7579111,85.347848
Residential,27.7574943,85.3468587
Residential,27.7574104,85.3473481
Residential,27.7580855,85.3477153
Residential,27.757417,85.3474878
Residential,27.7575274,85.3473623
Residential,27.7574115,85.34728
Residential,27.7579229,85.347869
Residential,27.7580088,85.3476819
Residential,27.7575786,85.3471537
Residential,27.7566738,85.3463457
Residential,27.7561728,85.3462965
Residential,27.7560557,85.3461342
Residential,27.7559046,85.3461308
Residential,27.7560058,85.3463546
Residential,27.7602624,85.3503609
Residential,27.7607236,85.3498002
Residential,27.7608471,85.3498539
Residential,27.7601831,85.3504952
Residential,27.7602417,85.3502279
Residential,27.7541502,85.3476884
Residential,27.7538604,85.347475
Residential,27.7539665,85.3472595
Residential,27.753847,85.3472893
Residential,27.7533717,85.3468783
Residential,27.7549103,85.3453328
Residential,27.7550495,85.3453985
Residential,27.7547325,85.3449495
Residential,27.7552864,85.3455102
Residential,27.7550146,85.3449313
Residential,27.7550681,85.34504
Residential,27.7548298,85.3455584
Residential,27.7549903,85.345414
Residential,27.7502752,85.3411844
Residential,27.7503042,85.3411176
Residential,27.7501829,85.3411356
Residential,27.75209,85.3421574
Residential,27.7503087,85.3411706
Residential,27.748687,85.3412673
Residential,27.7560417,85.346285
Residential,27.7560094,85.3465398
Residential,27.756365,85.3460683
Residential,27.7559631,85.3463138
Residential,27.7562969,85.3478199
Residential,27.7566133,85.3467813
Residential,27.7571842,85.3475217
Residential,27.7514709,85.3451984
Residential,27.7518411,85.3457188
Residential,27.7517684,85.345642
Residential,27.7520433,85.3457431
Residential,27.7502566,85.3412492
Residential,27.750298,85.3410349
Residential,27.750231,85.3411639
Residential,27.7536767,85.3472176
Residential,27.7533592,85.3471887
Residential,27.7500626,85.3430745
Residential,27.75021,85.3430723
Residential,27.7503373,85.3423854
Residential,27.7496305,85.341818
Residential,27.7509109,85.3452827
Residential,27.7597121,85.3496274
Residential,27.7531533,85.3469875
Residential,27.7530052,85.3468505
Residential,27.760153,85.3503195
Residential,27.7601239,85.3501488
Residential,27.7601042,85.3501046
Residential,27.7599993,85.3503928
Residential,27.7544787,85.3478468
Residential,27.7553401,85.347472
Residential,27.7533695,85.3470712
Residential,27.7541742,85.3473338
Residential,27.7513992,85.3442062
Residential,27.7520988,85.344602
Residential,27.757074,85.3486539
Residential,27.7572907,85.3472859
Residential,27.7572666,85.347591
Residential,27.7572767,85.3477033
Residential,27.7565023,85.3487796
Residential,27.7574203,85.3475578
Residential,27.7571863,85.3485444
Residential,27.7572249,85.3473774
Residential,27.7567983,85.3470967
Residential,27.756013,85.3468087
Residential,27.7560525,85.3465922
Residential,27.7574778,85.3478713
Residential,27.7524489,85.3463403
Residential,27.7523228,85.3462554
Residential,27.7552838,85.3455178
Residential,27.7553232,85.3454386
Residential,27.7550605,85.3448787
Residential,27.755099,85.3450138
Residential,27.7549713,85.3454125
Residential,27.757369,85.3496444
Residential,27.7573052,85.3494595
Residential,27.7522225,85.3463036
Residential,27.7552233,85.3483056
Residential,27.7522113,85.3466777
Residential,27.7574243,85.3495166
Residential,27.7572992,85.3494506
Residential,27.7573334,85.3495766
Residential,27.7502478,85.3422715
Residential,27.7492823,85.3418725
Residential,27.7491943,85.3411801
Residential,27.7552283,85.3386729
Residential,27.7551733,85.3384847
Residential,27.7552595,85.3384671
Residential,27.7555603,85.3390878
Residential,27.7548553,85.3388471
Residential,27.758067,85.3484091
Residential,27.7579431,85.348269
Residential,27.7590987,85.3492825
Residential,27.7583354,85.348586
Residential,27.7521618,85.3447767
Residential,27.7509946,85.3443847
Residential,27.7580317,85.34822
Residential,27.7563657,85.3478416
Residential,27.7531254,85.3464936
Residential,27.7530022,85.3470034
Residential,27.7551747,85.3484529
Residential,27.7523029,85.3462112
Residential,27.7546006,85.3458377
Residential,27.7544342,85.3457624
Residential,27.7543382,85.3456769
Residential,27.7544653,85.3458095
Residential,27.7546148,85.3459236
Residential,27.75677,85.3459071
Residential,27.7576623,85.3475518
Residential,27.7501631,85.3412219
Residential,27.750225,85.3410782
Residential,27.7501904,85.3411008
Residential,27.7501929,85.3410755
Residential,27.7500263,85.3416588
Residential,27.7498107,85.3413418
Residential,27.7549953,85.3386278
Residential,27.7552702,85.3385043
Residential,27.7552631,85.3384376
Residential,27.7496314,85.3419458
Residential,27.7496558,85.3418356
Residential,27.754599,85.3458895
Residential,27.7552783,85.3454774
Residential,27.754615,85.3457484
Residential,27.7544999,85.3457486
Residential,27.7541798,85.3457411
Residential,27.7550463,85.3454322
Residential,27.7509086,85.3413577
Residential,27.7501177,85.3414139
Residential,27.749598,85.3413132
Residential,27.7501998,85.3411411
Residential,27.7503504,85.3409102
Residential,27.7511901,85.3412556
Residential,27.7522699,85.3445961
Residential,27.7519563,85.3459476
Residential,27.7517448,85.3444028
Residential,27.7511381,85.3455307
Residential,27.7513305,85.3442434
Residential,27.7507465,85.3429979
Residential,27.7508824,85.343236
Residential,27.7507552,85.3432258
Residential,27.7553394,85.3482705
Residential,27.757287,85.3496753
Residential,27.7552618,85.3483399
Residential,27.7558418,85.3487073
Residential,27.7572746,85.3490657
Residential,27.7572619,85.3486593
Residential,27.7573773,85.3496605
Residential,27.7551132,85.3483635
Residential,27.7551654,85.3484412
Residential,27.7552698,85.348075
Residential,27.7570738,85.3460594
Residential,27.7568248,85.346093
Residential,27.7555415,85.34838
Residential,27.7532329,85.3470784
Residential,27.755446,85.3482858
Residential,27.7512036,85.3438498
Residential,27.7515918,85.3438913
Residential,27.7514322,85.3439499
Residential,27.7548731,85.3401133
Residential,27.7548761,85.3402331
Residential,27.7554674,85.3393943
Residential,27.7527492,85.3407223
Residential,27.7494034,85.342771
Residential,27.7501155,85.3423857
Residential,27.7496685,85.3417175
Residential,27.7484866,85.3416645
Residential,27.7484937,85.3409604
Residential,27.7483412,85.3416867
Residential,27.7484665,85.3414327
Residential,27.7487295,85.3413956
Residential,27.7483616,85.3414263
Residential,27.7484628,85.3413204
Residential,27.7483334,85.3416547
Residential,27.7546049,85.345986
Residential,27.7543038,85.3464395
Residential,27.7540955,85.3461918
Residential,27.7539494,85.3460887
Residential,27.7538873,85.3394346
Residential,27.7541028,85.3395192
Residential,27.752894,85.3416287
Residential,27.7523395,85.3400046
Residential,27.7550701,85.3388484
Residential,27.7501305,85.3412144
Residential,27.749873,85.3411652
Residential,27.7500984,85.3413049
Residential,27.7499422,85.3410712
Residential,27.7527679,85.3437042
Residential,27.7527296,85.3438221
Residential,27.7527729,85.343694
Residential,27.753173,85.3431032
Residential,27.7526484,85.3431875
Residential,27.7524123,85.3424664
Residential,27.752471,85.3423755
Residential,27.7524217,85.3419933
Residential,27.7523986,85.3424026
Residential,27.752479,85.3428319
Residential,27.7523548,85.3424091
Residential,27.7524937,85.3423065
Residential,27.7524543,85.3421222
Residential,27.7524625,85.3422681
Residential,27.7524532,85.3445921
Residential,27.7500518,85.3407872
Residential,27.7501551,85.3408278
Residential,27.7500597,85.3408231
Residential,27.7501243,85.3417217
Residential,27.749993,85.3412027
Residential,27.7542514,85.3474686
Residential,27.7561837,85.3468417
Residential,27.7539977,85.3464811
Residential,27.7540019,85.3460996
Residential,27.7538622,85.3461939
Residential,27.7538289,85.3460255
Residential,27.7580031,85.3489257
Residential,27.7514181,85.3441795
Residential,27.7558715,85.3486028
Residential,27.75601,85.3486463
Residential,27.7580467,85.349832
Residential,27.7585792,85.3497326
Residential,27.758636,85.3501949
Residential,27.7582938,85.3501334
Residential,27.7581676,85.3501364
Residential,27.7499496,85.3433459
Residential,27.7501779,85.3415832
Residential,27.7498958,85.3426173
Residential,27.7492294,85.340989
Residential,27.7557616,85.3481475
Residential,27.7560327,85.3469863
Residential,27.7557001,85.3476124
Residential,27.7508058,85.3439372
Residential,27.75584,85.3474824
Residential,27.7498984,85.3440316
Residential,27.7514308,85.3450466
Residential,27.7549621,85.3471026
Residential,27.7510233,85.3439435
Residential,27.7558924,85.346899
Residential,27.7501218,85.3441065
Residential,27.7553028,85.347376
Residential,27.7557438,85.34745
Residential,27.7535547,85.3463137
Residential,27.7535714,85.3457305
Residential,27.7534913,85.3459217
Residential,27.7531109,85.3464478
Residential,27.7505109,85.3425916
Residential,27.7557691,85.3465789
Residential,27.7560968,85.3461533
Residential,27.7558045,85.3462773
Residential,27.7557964,85.3466351
Residential,27.7557832,85.3466562
Residential,27.7560675,85.3464181
Residential,27.7560365,85.3463668
Residential,27.7555405,85.3462144
Residential,27.7548794,85.3455959
Residential,27.7555927,85.3464285
Residential,27.755813,85.3466246
Residential,27.7581505,85.3497764
Residential,27.7580172,85.3494047
Residential,27.7578154,85.3501323
Residential,27.7573549,85.3493882
Residential,27.7584715,85.3500118
Residential,27.7558365,85.3485516
Residential,27.7554253,85.3480823
Residential,27.756019,85.3487818
Residential,27.7556384,85.3480932
Residential,27.7556469,85.3482053
Residential,27.7557248,85.3484173
Residential,27.7600409,85.3494569
Residential,27.760037,85.3495142
Residential,27.7596493,85.3500281
Residential,27.7601435,85.3495759
Residential,27.7543542,85.339198
Residential,27.7544417,85.340031
Residential,27.7542718,85.3398583
Residential,27.749631,85.3445563
Residential,27.748847,85.3411757
Residential,27.7485256,85.340824
Residential,27.7486352,85.3413
Residential,27.7488106,85.3414172
Residential,27.7484665,85.3408622
Residential,27.7489575,85.3411264
Residential,27.7537473,85.3407022
Residential,27.7544914,85.3394875
Residential,27.7541889,85.3394765
Residential,27.7532522,85.3407475
Residential,27.7599998,85.3503379
Residential,27.7594802,85.349495
Residential,27.7558092,85.3467468
Residential,27.7556462,85.3468903
Residential,27.7555877,85.3471751
Residential,27.7559148,85.3465634
Residential,27.7551049,85.3459157
Residential,27.7564522,85.3460478
Residential,27.7534601,85.3459332
Residential,27.7534699,85.3458632
Residential,27.7535175,85.3459016
Residential,27.7581085,85.3501395
Residential,27.7582807,85.3497309
Residential,27.7584986,85.3499483
Residential,27.7579062,85.3501516
Residential,27.7578419,85.3494901
Residential,27.7579546,85.3496527
Residential,27.7579921,85.3492984
Residential,27.7577236,85.350066
Residential,27.7572554,85.3496195
Residential,27.7580063,85.3497335
Residential,27.757175,85.3494247
Residential,27.7556808,85.3480057
Residential,27.7561741,85.3484597
Residential,27.7563352,85.3487308
Residential,27.7500798,85.3436941
Residential,27.7506732,85.3440442
Residential,27.7495061,85.3408
Residential,27.7487101,85.3418519
Residential,27.748689,85.3417114
Residential,27.7486583,85.3416865
Residential,27.7485586,85.3417409
Residential,27.7510038,85.3447843
Residential,27.7519132,85.345455
Residential,27.7510247,85.344712
Residential,27.751208,85.3450661
Residential,27.7528131,85.3418709
Residential,27.7533635,85.3415363
Residential,27.7524073,85.3423573
Residential,27.7528576,85.3435624
Residential,27.7524281,85.3424015
Residential,27.7527519,85.3420772
Residential,27.7502738,85.3422999
Residential,27.7502329,85.3422616
Residential,27.7502899,85.3423431
Residential,27.7556933,85.34813
Residential,27.7493922,85.3419526
Residential,27.7493101,85.3415737
Residential,27.7554674,85.3474694
Residential,27.7554748,85.3484337
Residential,27.756481,85.3468932
Residential,27.7569517,85.3471883
Residential,27.7513678,85.3421835
Residential,27.7504799,85.3417454
Residential,27.7499267,85.3415824
Residential,27.7505402,85.3415552
Residential,27.7497479,85.3414021
Residential,27.7498295,85.3407435
Residential,27.7497006,85.3410372
Residential,27.7500931,85.3419125
Residential,27.7499296,85.3409576
Residential,27.755267,85.3451622
Residential,27.7535551,85.3389811
Residential,27.7549374,85.3390333
Residential,27.7542324,85.3382398
Residential,27.7551428,85.3389422
Residential,27.7554319,85.3388263
Residential,27.7548465,85.3389244
Residential,27.7572784,85.3493705
Residential,27.7574969,85.3497572
Residential,27.7572651,85.3494666
Residential,27.7530901,85.3411475
Residential,27.7525781,85.3414583
Residential,27.7535819,85.3389037
Residential,27.7556481,85.3390299
Residential,27.7552511,85.3400109
Residential,27.7548479,85.3391255
Residential,27.7550821,85.3390407
Residential,27.7530919,85.3408766
Residential,27.7550134,85.3391971
Residential,27.7548191,85.3401437
Residential,27.755391,85.3387101
Residential,27.7572684,85.3491122
Residential,27.757508,85.3495143
Residential,27.7575543,85.3497523
Residential,27.7582646,85.3500695
Residential,27.7513218,85.3452617
Residential,27.7512215,85.3450937
Residential,27.7510892,85.3446275
Residential,27.7531092,85.3448643
Residential,27.7550707,85.3452127
Residential,27.75442,85.345545
Residential,27.7542016,85.3464986
Residential,27.7548967,85.3472345
Residential,27.7507956,85.3437938
Residential,27.7495644,85.3417971
Residential,27.7492262,85.3410733
Residential,27.749285,85.3417718
Residential,27.7489083,85.3420227
Residential,27.751095,85.345095
Residential,27.7503261,85.3451237
Residential,27.7506031,85.3452592
Residential,27.7505523,85.345103
Residential,27.750666,85.3445902
Residential,27.7505855,85.3446087
Residential,27.7504288,85.3444004
Residential,27.7508283,85.3447301
Residential,27.7498929,85.3454469
Residential,27.7499789,85.3452486
Residential,27.7512996,85.3453174
Residential,27.7518414,85.3456895
Residential,27.7510188,85.3452893
Residential,27.7537968,85.3433925
Residential,27.7537072,85.3444608
Residential,27.7536682,85.3442304
Residential,27.754313,85.339706
Residential,27.7533992,85.342336
Residential,27.7540459,85.3422511
Residential,27.7545915,85.3394769
Residential,27.7545089,85.3397312
Residential,27.7540557,85.342673
Residential,27.7540389,85.3441229
Residential,27.7538924,85.342604
Residential,27.7535889,85.3427129
Residential,27.754235,85.34429
Residential,27.7537768,85.342663
Residential,27.7536988,85.3425949
Residential,27.7504569,85.3418833
Residential,27.7515599,85.3435356
Residential,27.7548023,85.344513
Residential,27.7541985,85.3402348
Residential,27.7542058,85.3442344
Residential,27.7552766,85.3385236
Residential,27.7515518,85.3439237
Residential,27.7545249,85.3397666
Residential,27.7555677,85.339055
Residential,27.7514917,85.3438498
Residential,27.7515703,85.3441119
Residential,27.7548823,85.3389912
Residential,27.7543251,85.3424618
Residential,27.755084,85.3387748
Residential,27.7545464,85.3442366
Residential,27.7538177,85.3423022
Residential,27.7539754,85.3427449
Residential,27.7542134,85.3390508
Residential,27.7501219,85.3420232
Residential,27.7507415,85.343076
Residential,27.7507817,85.3438403
Residential,27.7497096,85.3421623
Residential,27.7549691,85.3468197
Residential,27.7549747,85.3468261
Residential,27.7549953,85.3468017
Residential,27.758993,85.3505849
Residential,27.7604721,85.3493935
Residential,27.755257,85.3471136
Residential,27.7552599,85.3472001
Residential,27.7549967,85.3473195
Residential,27.7599691,85.3515545
Residential,27.7563749,85.3477721
Residential,27.7561613,85.3486365
Residential,27.7562867,85.34808
Residential,27.7509825,85.3451198
Residential,27.7526489,85.3451617
Residential,27.7524424,85.3451514
Residential,27.7520156,85.3429247
Residential,27.756231,85.3457042
Residential,27.7559597,85.3471943
Residential,27.7551402,85.347218
Residential,27.7552409,85.346192
Residential,27.7561189,85.3466909
Residential,27.7548565,85.3462074
Residential,27.7556749,85.3474301
Residential,27.7556414,85.3472872
Residential,27.7550379,85.3454837
Residential,27.755258,85.3455844
Residential,27.7554107,85.3460936
Residential,27.7560159,85.3464634
Residential,27.7551028,85.3470258
Residential,27.7558486,85.3466956
Residential,27.7559435,85.346408
Residential,27.7547663,85.3460312
Residential,27.7556997,85.3464094
Residential,27.755645,85.3455868
Residential,27.7558221,85.3467029
Residential,27.7560825,85.3464489
Residential,27.7561502,85.3464392
Residential,27.7556489,85.3466489
Residential,27.7495336,85.344585
Residential,27.7496409,85.3444517
Residential,27.7518285,85.3450239
Residential,27.7505485,85.3453789
Residential,27.7508394,85.3454639
Residential,27.7507863,85.3453175
Residential,27.7515822,85.3454327
Residential,27.7517015,85.3456117
Residential,27.7513519,85.3454496
Residential,27.7506409,85.344775
Residential,27.7506198,85.3447936
Residential,27.7505678,85.34525
Residential,27.7596902,85.3508045
Residential,27.7600577,85.351535
Residential,27.7595962,85.3510316
Residential,27.7601651,85.3493787
Residential,27.7601949,85.349252
Residential,27.7492505,85.3406974
Residential,27.7490311,85.3407628
Residential,27.7489238,85.3406201
Residential,27.7486774,85.3407589
Residential,27.7490534,85.3407193
Residential,27.7491915,85.3407288
Residential,27.7490206,85.3406287
Residential,27.7513323,85.3441879
Residential,27.7514266,85.3439516
Residential,27.7524533,85.3450679
Residential,27.752748,85.3453201
Residential,27.7501593,85.3434623
Residential,27.7497713,85.3437616
Residential,27.7496237,85.3437014
Residential,27.7499176,85.3434804
Residential,27.7509299,85.3438315
Residential,27.7517678,85.345692
Residential,27.7520341,85.3458817
Residential,27.7520194,85.3457192
Residential,27.7503691,85.3447812
Residential,27.7515374,85.3455515
Residential,27.7505839,85.344749
Residential,27.7506218,85.3454809
Residential,27.7511269,85.3433456
Residential,27.7518643,85.3457691
Residential,27.7519613,85.3457637
Residential,27.7527373,85.3449437
Residential,27.7543404,85.3457029
Residential,27.7485437,85.3417466
Residential,27.7483661,85.3412958
Residential,27.7487564,85.3415958
Residential,27.7486552,85.34078
Residential,27.7553179,85.3473536
Residential,27.7548804,85.3468894
Residential,27.7552396,85.3473137
Residential,27.7552303,85.3473205
Residential,27.75582,85.3455167
Residential,27.7486467,85.3418778
Residential,27.7497063,85.3421595
Residential,27.7496192,85.3413803
Residential,27.7489315,85.3418357
Residential,27.7496658,85.34197
Residential,27.7487707,85.3421311
Residential,27.7485517,85.342333
Residential,27.7487052,85.3423274
Residential,27.7493122,85.3417606
Residential,27.7492107,85.3421191
Residential,27.7493028,85.3410688
Residential,27.7492038,85.3435533
Residential,27.7493306,85.3418125
Residential,27.7492862,85.3418617
Residential,27.7491857,85.3417155
Residential,27.748587,85.342017
Residential,27.7494715,85.3420925
Residential,27.7494059,85.3426822
Residential,27.750085,85.3423283
Residential,27.7489817,85.3418392
Residential,27.7514331,85.3427763
Residential,27.7487316,85.3419454
Residential,27.7499113,85.3424288
Residential,27.7509816,85.343345
Residential,27.7498333,85.3435867
Residential,27.7505431,85.344083
Residential,27.7503852,85.3428167
Residential,27.7505416,85.3424094
Residential,27.7499615,85.3419056
Residential,27.74963,85.3409202
Residential,27.7486883,85.34201
Residential,27.7488528,85.3418144
Residential,27.7492843,85.3418238
Residential,27.7489917,85.3420749
Residential,27.7489103,85.342151
Residential,27.7492599,85.341646
Residential,27.7499458,85.343368
Residential,27.754152,85.3470932
Residential,27.7541583,85.3476136
Residential,27.7547604,85.3480383
Residential,27.7551369,85.3477655
Residential,27.7552565,85.3475185
Residential,27.7556218,85.3485054
Residential,27.7544672,85.3476487
Residential,27.7557666,85.3481188
Residential,27.7561862,85.3475234
Residential,27.7543654,85.3479001
Residential,27.7537662,85.34723
Residential,27.7484537,85.341493
Residential,27.7485995,85.3416179
Residential,27.7485607,85.3418176
Residential,27.7482847,85.3417351
Residential,27.7484867,85.3414519
Residential,27.7484771,85.3414487
Residential,27.7543704,85.347568
Residential,27.7544388,85.3478645
Residential,27.7555045,85.3472727
Residential,27.7527299,85.3465668
Residential,27.7562381,85.3479207
Residential,27.7501137,85.3419886
Residential,27.7502918,85.3419151
Residential,27.7503469,85.3419809
Residential,27.7498516,85.3416756
Residential,27.7502077,85.3416901
Residential,27.7537055,85.3433415
Residential,27.7498482,85.3416864
Residential,27.7498585,85.3417192
Residential,27.7501889,85.3419166
Residential,27.750196,85.3421453
Residential,27.7503994,85.3417681
Residential,27.7499543,85.3416589
Residential,27.7499078,85.3410911
Residential,27.7503502,85.3416561
Residential,27.7505322,85.341584
Residential,27.751998,85.3412955
Residential,27.7520656,85.34013
Residential,27.7503892,85.3423949
Residential,27.7486765,85.3413132
Residential,27.7489344,85.3414122
Residential,27.7488529,85.3416749
Residential,27.7484132,85.3417571
Residential,27.7485791,85.3414156
Residential,27.7484758,85.341645
Residential,27.7488802,85.3409386
Residential,27.748846,85.341352
Residential,27.7484633,85.3410867
Residential,27.7484138,85.3415366
Residential,27.7485294,85.3412704
Residential,27.7488897,85.3414355
Residential,27.7487359,85.3413602
Residential,27.7486037,85.3415038
Residential,27.7483203,85.3416247
Residential,27.7486801,85.3416471
Residential,27.7485064,85.3416519
Residential,27.7484015,85.3419398
Residential,27.7487942,85.341123
Residential,27.7486768,85.3410096
Residential,27.7488196,85.3413422
Residential,27.7486349,85.3413235
Residential,27.7524362,85.3423131
Residential,27.7525398,85.3423797
Residential,27.7524585,85.3425037
Residential,27.7525012,85.3425156
Residential,27.7524564,85.3409117
Residential,27.7514682,85.343565
Residential,27.751788,85.3441419
Residential,27.752342,85.3422826
Residential,27.7596637,85.3493022
Residential,27.7524303,85.3440323
Residential,27.7524581,85.3414553
Residential,27.7605584,85.3500197
Residential,27.7599801,85.3504704
Residential,27.7599496,85.3489623
Residential,27.7601908,85.3504883
Residential,27.7599821,85.3502308
Residential,27.7602298,85.3496299
Residential,27.7489269,85.3415083
Residential,27.7553931,85.3435592
Residential,27.7557971,85.3434096
Residential,27.7521806,85.3438259
Residential,27.7520302,85.3442246
Residential,27.7513338,85.3433777
Residential,27.752394,85.3404002
Residential,27.7518431,85.34311
Residential,27.751875,85.343125
Residential,27.7521299,85.3434359
Residential,27.7517665,85.3433384
Residential,27.751913,85.343824
Residential,27.7523575,85.3435932
Residential,27.7601544,85.3505118
Residential,27.7601599,85.3495834
Residential,27.7598511,85.3511697
Residential,27.7718615,85.3500172
Residential,27.7601116,85.3503628
Residential,27.7601298,85.3495963
Residential,27.7601998,85.3495909
Residential,27.748905,85.3405969
Residential,27.7489696,85.3409172
Residential,27.7603968,85.3503536
Residential,27.7485431,85.3413567
Residential,27.7485712,85.3410609
Residential,27.7484693,85.3412624
Residential,27.748907,85.341092
Residential,27.748814,85.3416148
Residential,27.748467,85.3417118
Residential,27.7487366,85.3413559
Residential,27.7489827,85.341515
Residential,27.7487603,85.3411883
Residential,27.7484362,85.3414704
Residential,27.7485093,85.3415291
Residential,27.7486367,85.3416353
Residential,27.7514015,85.3455091
Residential,27.7512534,85.3440365
Residential,27.7523583,85.3445531
Residential,27.7513677,85.3436729
Residential,27.7513429,85.3443314
Residential,27.7523876,85.3450151
Residential,27.7527784,85.3444923
Residential,27.7516754,85.3454792
Residential,27.7505845,85.344767
Residential,27.7526717,85.3451167
Residential,27.7523881,85.3445982
Residential,27.7516151,85.3453966
Residential,27.7507171,85.3441695
Residential,27.7510313,85.3437866
Residential,27.7524407,85.3450033
Residential,27.7524793,85.3450563
Residential,27.7526745,85.345355
Residential,27.7526021,85.3451507
Residential,27.7525983,85.3448849
Residential,27.751132,85.3450563
Residential,27.7525792,85.3446471
Residential,27.7523768,85.3444948
Residential,27.7511674,85.3441769
Residential,27.7507678,85.3442298
Residential,27.7513193,85.343439
Residential,27.7514526,85.3440856
Residential,27.7493089,85.3452319
Residential,27.7517628,85.3443112
Residential,27.7513576,85.3440486
Residential,27.7512409,85.3440555
Residential,27.7514728,85.3437809
Residential,27.7508163,85.3448361
Residential,27.7512985,85.3437237
Residential,27.7514673,85.3434889
Residential,27.7529641,85.3421686
Residential,27.7491673,85.3407782
Residential,27.7488404,85.3406102
Residential,27.7507906,85.3414988
Residential,27.7523981,85.342838
Residential,27.7509057,85.3425093
Residential,27.7512643,85.3421997
Residential,27.7511827,85.3421177
Residential,27.7522389,85.3406864
Residential,27.752,85.3415145
Residential,27.752,85.3416022
Residential,27.7524064,85.3415143
Residential,27.7521281,85.3414849
Residential,27.7502139,85.3412835
Residential,27.751283,85.3417542
Residential,27.7524081,85.3411827
Residential,27.748726,85.3418725
Residential,27.7491617,85.3418851
Residential,27.7490079,85.3424033
Residential,27.7492717,85.3407383
Residential,27.7485891,85.3420894
Residential,27.7488536,85.3417385
Residential,27.7494531,85.3408764
Residential,27.7599692,85.350912
Residential,27.7520303,85.3426427
Residential,27.7504184,85.3417022
Residential,27.7518128,85.342329
Residential,27.7556392,85.3479461
Residential,27.7558666,85.3488431
Residential,27.7543416,85.3475445
Residential,27.7558104,85.3483363
Residential,27.7485214,85.341682
Residential,27.748719,85.3416299
Residential,27.74885,85.3416347
Residential,27.7487743,85.3416581
Residential,27.748394,85.341441
Residential,27.7485129,85.3405721
Residential,27.7488193,85.3411695
Residential,27.7485352,85.3409634
Residential,27.7486251,85.3411368
Residential,27.7486056,85.3409775
Residential,27.7486733,85.3413571
Residential,27.7486234,85.3412664
Residential,27.7486188,85.3416206
Residential,27.7487773,85.3406083
Residential,27.748498,85.340936
Residential,27.7483213,85.3416589
Residential,27.7553658,85.3418779
Residential,27.7521719,85.3405704
Residential,27.7484643,85.3417332
Residential,27.7560186,85.3441149
Residential,27.7532883,85.3469733
Residential,27.7543401,85.3477653
Residential,27.7555076,85.3482315
Residential,27.7598452,85.3496679
Residential,27.7601516,85.3505584
Residential,27.7524154,85.3416923
Residential,27.7528631,85.3462119
Residential,27.7522333,85.3426439
Residential,27.7514464,85.342192
Residential,27.7513009,85.3421068
Residential,27.7511644,85.3423168
Residential,27.7523475,85.3410285
Residential,27.7498208,85.3408883
Residential,27.7505076,85.341539
Residential,27.7497519,85.3409552
Residential,27.7498396,85.3415048
Residential,27.7504367,85.3415356
Residential,27.7512233,85.3421839
Residential,27.7514798,85.3417596
Residential,27.7504193,85.3414605
Residential,27.750562,85.3415608
Residential,27.749885,85.3414167
Residential,27.7503742,85.342123
Residential,27.7521548,85.3435688
Residential,27.7576113,85.3478617
Residential,27.7528275,85.3459978
Residential,27.7569251,85.3493962
Residential,27.7526361,85.3458885
Residential,27.7523317,85.3436132
Residential,27.7517887,85.3430592
Residential,27.7504001,85.3414296
Residential,27.7524949,85.3436047
Residential,27.7569371,85.3491737
Residential,27.7571709,85.348064
Residential,27.7499262,85.3411897
Residential,27.7525177,85.3412308
Residential,27.7530104,85.3459384
Residential,27.753066,85.3460673
Residential,27.751689,85.3437728
Residential,27.7524597,85.3433038
Residential,27.7516691,85.3430726
Residential,27.7520009,85.3434791
Residential,27.7520078,85.3436995
Residential,27.7520996,85.3433957
Residential,27.7518265,85.3435575
Residential,27.75209,85.343725
Residential,27.7516363,85.3435962
Residential,27.7566514,85.3493663
Residential,27.7530226,85.3462085
Residential,27.7566275,85.3482506
Residential,27.7570053,85.3486447
Residential,27.7563283,85.3485989
Residential,27.7524545,85.3436187
Residential,27.7570037,85.3485017
Residential,27.7573203,85.3488124
Residential,27.7571237,85.3489661
Residential,27.7571566,85.3489126
